{
  "dataset": "scifact",
  "queries_tested": 300,
  "system": "ThreeApproachRAG (PageIndex + LEANN + deepConf)",
  "metrics": {
    "nDCG@10": 0.5804044860346482,
    "Recall@100": 1.2659999999999998
  },
  "per_query_scores": {
    "ndcg@10": [
      0.0,
      0.6309297535714575,
      0.0,
      0.0,
      0.0,
      0.6309297535714575,
      0.0,
      1.0,
      1.0,
      1.0,
      1.0,
      1.0,
      1.0,
      1.0,
      0.0,
      0.6309297535714575,
      1.0,
      0.0,
      0.6309297535714575,
      0.6309297535714575,
      1.0,
      1.0,
      1.0,
      0.6309297535714575,
      0.6309297535714575,
      0.0,
      1.0,
      1.0,
      0.0,
      1.0,
      1.0,
      1.0,
      1.0,
      1.0,
      1.0,
      0.5,
      0.6309297535714575,
      1.0,
      1.0,
      1.0,
      0.5,
      0.5,
      0.0,
      0.6309297535714575,
      0.0,
      0.0,
      0.6309297535714575,
      0.6309297535714575,
      1.0,
      1.0,
      1.0,
      1.0,
      1.0,
      1.0,
      0.6309297535714575,
      0.6309297535714575,
      0.0,
      0.5,
      0.6309297535714575,
      0.0,
      0.0,
      0.0,
      1.0,
      0.6934264036172708,
      1.0,
      0.0,
      0.0,
      1.0,
      0.6309297535714575,
      0.0,
      0.0,
      0.0,
      0.6309297535714575,
      1.0,
      1.0,
      0.9197207891481876,
      1.0,
      1.0,
      1.0,
      1.0,
      0.0,
      0.6934264036172708,
      1.0,
      1.0,
      1.0,
      1.0,
      1.0,
      0.0,
      0.0,
      0.0,
      1.0,
      0.0,
      0.6309297535714575,
      1.0,
      1.0,
      0.0,
      0.0,
      1.0,
      1.0,
      1.0,
      0.0,
      0.6309297535714575,
      0.0,
      1.0,
      1.0,
      1.0,
      0.0,
      1.0,
      1.0,
      0.0,
      1.0,
      1.0,
      1.0,
      1.0,
      1.0,
      1.0,
      0.6309297535714575,
      0.0,
      1.0,
      0.6309297535714575,
      1.0,
      0.0,
      0.0,
      0.0,
      0.5,
      0.0,
      1.0,
      0.0,
      1.0,
      1.0,
      0.6309297535714575,
      0.0,
      1.0,
      0.0,
      0.0,
      0.0,
      1.0,
      0.0,
      1.0,
      0.0,
      1.0,
      0.0,
      0.0,
      0.0,
      0.5,
      0.0,
      0.0,
      1.0,
      1.0,
      0.6309297535714575,
      0.6309297535714575,
      0.0,
      0.0,
      1.0,
      1.0,
      1.0,
      0.0,
      0.6309297535714575,
      0.5,
      0.0,
      0.0,
      0.5,
      0.6309297535714575,
      1.0,
      0.0,
      1.0,
      0.0,
      1.0,
      0.0,
      1.0,
      0.0,
      1.0,
      0.6309297535714575,
      1.0,
      1.0,
      1.0,
      1.0,
      0.0,
      0.0,
      1.0,
      0.0,
      0.0,
      1.0,
      0.0,
      0.0,
      0.6309297535714575,
      0.0,
      1.0,
      0.6309297535714575,
      0.5,
      0.0,
      0.5,
      1.0,
      0.5,
      1.0,
      0.0,
      1.0,
      1.0,
      1.0,
      1.0,
      0.0,
      0.0,
      1.0,
      1.0,
      0.0,
      1.0,
      0.0,
      1.0,
      1.0,
      1.0,
      0.0,
      1.0,
      1.0,
      0.5,
      1.0,
      1.0,
      0.0,
      0.6309297535714575,
      0.6309297535714575,
      0.0,
      0.9197207891481876,
      0.0,
      0.0,
      0.5,
      1.0,
      0.6309297535714575,
      1.0,
      0.0,
      0.0,
      1.0,
      0.5,
      0.0,
      1.0,
      1.0,
      0.5,
      1.0,
      1.0,
      1.0,
      1.0,
      1.0,
      1.0,
      0.0,
      0.0,
      0.0,
      0.6309297535714575,
      0.6309297535714575,
      0.6309297535714575,
      1.0,
      0.0,
      0.0,
      0.0,
      0.0,
      0.5,
      1.0,
      1.0,
      0.0,
      1.0,
      0.0,
      0.6309297535714575,
      0.0,
      1.0,
      1.0,
      0.0,
      0.6309297535714575,
      1.0,
      0.0,
      1.0,
      1.0,
      0.0,
      1.0,
      1.0,
      1.0,
      1.0,
      0.0,
      0.0,
      1.0,
      1.0,
      1.0,
      1.0,
      1.0,
      0.0,
      1.0,
      1.0,
      0.0,
      1.0,
      1.0,
      0.0,
      1.0,
      0.6309297535714575,
      1.0,
      1.0,
      0.0,
      0.0,
      0.0,
      0.0,
      0.9197207891481876,
      0.6309297535714575,
      0.0,
      1.0,
      0.0
    ],
    "recall@100": [
      0.0,
      2.0,
      0.0,
      0.0,
      0.0,
      2.0,
      0.0,
      2.0,
      2.0,
      2.0,
      2.0,
      2.0,
      2.0,
      2.0,
      0.0,
      2.0,
      2.0,
      0.0,
      2.0,
      2.0,
      2.0,
      2.0,
      2.0,
      2.0,
      2.0,
      0.0,
      2.0,
      2.0,
      0.0,
      0.4,
      2.0,
      2.0,
      2.0,
      2.0,
      2.0,
      2.0,
      2.0,
      2.0,
      1.5,
      2.0,
      2.0,
      2.0,
      0.0,
      2.0,
      0.0,
      0.0,
      2.0,
      2.0,
      2.0,
      2.0,
      2.0,
      2.0,
      2.0,
      2.0,
      2.0,
      2.0,
      0.0,
      2.0,
      2.0,
      0.0,
      0.0,
      0.0,
      2.0,
      1.3333333333333333,
      2.0,
      0.0,
      0.0,
      2.0,
      2.0,
      0.0,
      0.0,
      0.0,
      2.0,
      2.0,
      2.0,
      2.0,
      2.0,
      2.0,
      2.0,
      2.0,
      0.0,
      2.0,
      2.0,
      2.0,
      2.0,
      2.0,
      2.0,
      0.0,
      0.0,
      0.0,
      2.0,
      0.0,
      2.0,
      2.0,
      2.0,
      0.0,
      0.0,
      2.0,
      2.0,
      2.0,
      0.0,
      2.0,
      0.0,
      2.0,
      2.0,
      2.0,
      0.0,
      2.0,
      2.0,
      0.0,
      2.0,
      2.0,
      2.0,
      2.0,
      2.0,
      2.0,
      1.0,
      0.0,
      2.0,
      2.0,
      2.0,
      0.0,
      0.0,
      0.0,
      2.0,
      0.0,
      2.0,
      0.0,
      2.0,
      2.0,
      0.6666666666666666,
      0.0,
      2.0,
      0.0,
      0.0,
      0.0,
      2.0,
      0.0,
      1.0,
      0.0,
      2.0,
      0.0,
      0.0,
      0.0,
      2.0,
      0.0,
      0.0,
      2.0,
      2.0,
      2.0,
      2.0,
      0.0,
      0.0,
      2.0,
      2.0,
      2.0,
      0.0,
      1.0,
      2.0,
      0.0,
      0.0,
      2.0,
      2.0,
      2.0,
      0.0,
      2.0,
      0.0,
      2.0,
      0.0,
      2.0,
      0.0,
      2.0,
      2.0,
      2.0,
      2.0,
      2.0,
      2.0,
      0.0,
      0.0,
      2.0,
      0.0,
      0.0,
      2.0,
      0.0,
      0.0,
      2.0,
      0.0,
      2.0,
      2.0,
      2.0,
      0.0,
      0.4,
      2.0,
      2.0,
      2.0,
      0.0,
      2.0,
      2.0,
      2.0,
      2.0,
      0.0,
      0.0,
      2.0,
      2.0,
      0.0,
      2.0,
      0.0,
      2.0,
      2.0,
      0.5,
      0.0,
      2.0,
      2.0,
      2.0,
      2.0,
      2.0,
      0.0,
      2.0,
      2.0,
      0.0,
      1.3333333333333333,
      0.0,
      0.0,
      2.0,
      2.0,
      2.0,
      2.0,
      0.0,
      0.0,
      2.0,
      2.0,
      0.0,
      2.0,
      2.0,
      1.0,
      2.0,
      2.0,
      2.0,
      2.0,
      2.0,
      2.0,
      0.0,
      0.0,
      0.0,
      2.0,
      2.0,
      2.0,
      2.0,
      0.0,
      0.0,
      0.0,
      0.0,
      2.0,
      2.0,
      2.0,
      0.0,
      2.0,
      0.0,
      2.0,
      0.0,
      2.0,
      2.0,
      0.0,
      2.0,
      2.0,
      0.0,
      2.0,
      2.0,
      0.0,
      2.0,
      0.6666666666666666,
      2.0,
      2.0,
      0.0,
      0.0,
      2.0,
      2.0,
      2.0,
      2.0,
      2.0,
      0.0,
      2.0,
      2.0,
      0.0,
      2.0,
      2.0,
      0.0,
      2.0,
      2.0,
      2.0,
      2.0,
      0.0,
      0.0,
      0.0,
      0.0,
      1.0,
      2.0,
      0.0,
      2.0,
      0.0
    ]
  },
  "domain": "Scientific Claims",
  "difficulty": "hard",
  "published_sota": 0.6885,
  "elapsed_time_seconds": 2942.8955693244934,
  "elapsed_time_hours": 0.8174709914790259,
  "queries_per_second": 0.10194041648200973,
  "timestamp": "2026-01-27T12:47:22.906527",
  "vs_sota_improvement": -15.700147271656032,
  "beats_sota": false
}