{
  "dataset": "beir_nfcorpus",
  "queries_tested": 10,
  "system": "ThreeApproachRAG (PageIndex + LEANN + deepConf)",
  "metrics": {
    "nDCG@10": 0.5865103770942062,
    "Recall@100": 0.06366797283176592
  },
  "per_query_scores": {
    "ndcg@10": [
      1.0,
      0.5,
      0.8670870086853021,
      0.0,
      0.6309297535714575,
      0.8670870086853021,
      1.0,
      0.0,
      1.0,
      0.0
    ],
    "recall@100": [
      0.25,
      0.06666666666666667,
      0.06666666666666667,
      0.0,
      0.034482758620689655,
      0.12,
      0.03636363636363636,
      0.0,
      0.0625,
      0.0
    ]
  }
}