{
  "dataset": "beir_nfcorpus",
  "queries_tested": 323,
  "system": "ThreeApproachRAG (PageIndex + LEANN + deepConf)",
  "metrics": {
    "nDCG@10": 0.5085946124009167,
    "Recall@100": 0.18392811903482234
  },
  "per_query_scores": {
    "ndcg@10": [
      1.0,
      0.5,
      0.8670870086853021,
      0.0,
      0.6309297535714575,
      0.8670870086853021,
      1.0,
      0.0,
      1.0,
      0.0,
      1.0,
      1.0,
      0.0,
      0.9651954696014428,
      1.0,
      0.9197207891481876,
      1.0,
      0.6309297535714575,
      1.0,
      1.0,
      0.5,
      0.0,
      0.0,
      0.5,
      1.0,
      1.0,
      0.6309297535714575,
      1.0,
      1.0,
      0.0,
      1.0,
      1.0,
      0.0,
      0.6309297535714575,
      1.0,
      0.0,
      1.0,
      1.0,
      0.9197207891481876,
      1.0,
      0.0,
      1.0,
      0.0,
      1.0,
      0.0,
      0.5,
      0.0,
      1.0,
      0.0,
      0.0,
      1.0,
      0.0,
      0.0,
      1.0,
      0.0,
      0.0,
      0.6934264036172708,
      1.0,
      0.0,
      1.0,
      1.0,
      0.5,
      0.0,
      1.0,
      0.6309297535714575,
      1.0,
      1.0,
      1.0,
      0.0,
      0.0,
      0.6309297535714575,
      0.0,
      0.0,
      1.0,
      0.0,
      1.0,
      1.0,
      1.0,
      0.0,
      1.0,
      0.9197207891481876,
      1.0,
      1.0,
      1.0,
      0.6934264036172708,
      0.0,
      1.0,
      0.0,
      0.6309297535714575,
      0.0,
      0.0,
      0.0,
      0.0,
      0.0,
      1.0,
      0.0,
      0.0,
      0.0,
      0.0,
      1.0,
      0.0,
      1.0,
      1.0,
      0.0,
      0.0,
      1.0,
      0.5,
      0.0,
      1.0,
      0.0,
      0.9197207891481876,
      1.0,
      0.0,
      1.0,
      1.0,
      0.0,
      1.0,
      0.0,
      0.0,
      0.0,
      1.0,
      0.0,
      0.0,
      0.0,
      1.0,
      1.0,
      0.0,
      1.0,
      0.0,
      1.0,
      1.0,
      0.5,
      0.0,
      0.0,
      0.0,
      1.0,
      0.0,
      1.0,
      0.9197207891481876,
      0.0,
      0.6934264036172708,
      0.0,
      0.5,
      0.0,
      0.9197207891481876,
      0.0,
      0.0,
      0.6934264036172708,
      0.0,
      0.0,
      1.0,
      0.0,
      0.0,
      0.0,
      1.0,
      1.0,
      1.0,
      1.0,
      0.0,
      1.0,
      1.0,
      0.0,
      1.0,
      1.0,
      1.0,
      0.0,
      1.0,
      1.0,
      1.0,
      0.0,
      0.0,
      0.0,
      0.5,
      0.6934264036172708,
      1.0,
      0.9197207891481876,
      1.0,
      0.6934264036172708,
      0.0,
      0.0,
      1.0,
      0.0,
      0.5,
      0.0,
      0.0,
      0.9197207891481876,
      1.0,
      0.6934264036172708,
      0.5,
      0.0,
      1.0,
      1.0,
      0.0,
      1.0,
      0.0,
      0.5,
      1.0,
      0.0,
      1.0,
      0.6309297535714575,
      1.0,
      0.0,
      0.5,
      0.0,
      0.9197207891481876,
      0.0,
      1.0,
      0.0,
      0.0,
      0.0,
      0.6934264036172708,
      0.0,
      0.0,
      1.0,
      0.0,
      1.0,
      0.0,
      0.0,
      1.0,
      0.0,
      0.0,
      1.0,
      0.0,
      0.5,
      1.0,
      0.9651954696014428,
      0.6934264036172708,
      1.0,
      1.0,
      0.6934264036172708,
      0.5,
      1.0,
      0.9197207891481876,
      0.0,
      1.0,
      0.0,
      1.0,
      0.5,
      1.0,
      1.0,
      0.6309297535714575,
      1.0,
      0.8403030283801005,
      1.0,
      0.5,
      1.0,
      0.5,
      0.9651954696014428,
      1.0,
      1.0,
      0.0,
      1.0,
      0.9197207891481876,
      0.9197207891481876,
      0.6309297535714575,
      0.6309297535714575,
      1.0,
      1.0,
      0.0,
      0.0,
      0.0,
      0.0,
      0.0,
      0.0,
      1.0,
      0.0,
      0.0,
      0.6309297535714575,
      0.0,
      1.0,
      0.0,
      1.0,
      0.0,
      0.0,
      0.0,
      1.0,
      1.0,
      0.6309297535714575,
      0.0,
      0.0,
      0.5,
      0.0,
      1.0,
      0.0,
      1.0,
      0.5,
      1.0,
      0.0,
      1.0,
      0.0,
      0.5,
      1.0,
      0.0,
      0.0,
      0.6309297535714575,
      0.0,
      0.0,
      0.0,
      0.0,
      0.6309297535714575,
      0.0,
      0.0,
      0.0,
      1.0,
      0.8403030283801005,
      0.0,
      0.6309297535714575,
      0.6309297535714575,
      0.8821211986607034,
      0.6934264036172708,
      0.0,
      1.0,
      0.0,
      1.0,
      0.0,
      0.0,
      1.0,
      0.0,
      0.6934264036172708,
      0.0,
      0.0,
      0.5,
      0.0
    ],