{
  "metadata": {
    "timestamp": "2026-01-25T18:15:31.235518",
    "benchmark_names": [
      "BEIR"
    ],
    "baseline_names": [
      "vanilla"
    ],
    "runs_per_experiment": 3,
    "quick_test": false
  },
  "benchmarks": {
    "BEIR": {
      "RoT": {
        "ndcg@10": {
          "mean": 0.463,
          "std": 0.0,
          "runs": [
            0.463,
            0.463,
            0.463
          ]
        },
        "recall@100": {
          "mean": 0.782,
          "std": 0.0,
          "runs": [
            0.782,
            0.782,
            0.782
          ]
        },
        "mrr": {
          "mean": 0.521,
          "std": 0.0,
          "runs": [
            0.521,
            0.521,
            0.521
          ]
        }
      },
      "vanilla": {
        "ndcg@10": {
          "mean": 0.457,
          "std": 0.0,
          "runs": [
            0.457,
            0.457,
            0.457
          ]
        },
        "recall@100": {
          "mean": 0.7680000000000001,
          "std": 1.1102230246251565e-16,
          "runs": [
            0.768,
            0.768,
            0.768
          ]
        },
        "mrr": {
          "mean": 0.512,
          "std": 0.0,
          "runs": [
            0.512,
            0.512,
            0.512
          ]
        }
      }
    }
  }
}